id knjige;naslov;jezik;datum objave;stevilo prenosov;tezavnost
2641;A Room with a View;English;2001;118526;84.8
2701;"Moby Dick; Or, The Whale";English;2001;114314;73.3
17157;Gulliver's Travels into Several Remote Regions of the World;English;2005;92823;65.5
84;"Frankenstein; Or, The Modern Prometheus";English;1993;91683;65.0
100;The Complete Works of William Shakespeare;English;1994;90742;83.0
158;Emma;English;1994;90137;71.2
1080;A Modest ProposalFor preventing the children of poor people in Ireland, from being a burden on their parents or country, and for making them beneficial to the publick;English;1997;88993;37.3
16389;The Enchanted April;English;2005;83016;81.0
1513;Romeo and Juliet;English;1998;82087;92.6
3186;The Mysterious Stranger, and Other Stories;English;2008;81881;76.5
10554;Right Ho, Jeeves;English;2004;80917;83.5
394;Cranford;English;1996;78140;69.5
2160;The Expedition of Humphry Clinker;English;2000;77932;46.7
9070;The Imaginary Invalid;English;2005;77865;82.1
6593;History of Tom Jones, a Foundling;English;2004;77337;58.0
580;The Pickwick Papers;English;1996;74088;71.8
289;The Wind in the Willows;English;1995;72704;77.4
145;Middlemarch;English;1994;66345;68.5
2554;Crime and Punishment;English;2006;65117;83.0
18857;A Journey to the Centre of the Earth;English;2006;65071;71.5
37106;"Little Women; Or, Meg, Jo, Beth, and Amy";English;2011;63996;75.2
13415;The Lady with the Dog and Other Stories;English;2004;63324;79.9
1342;Pride and Prejudice;English;1998;62015;69.2
3011;The Lady of the Lake;English;2002;61765;76.7
5225;The Satyricon — Complete;English;2004;61641;62.2
11;Alice's Adventures in Wonderland;English;2008;61413;87.5
31516;The Eyes Have It;English;2010;60822;78.8
67979;The Blue Castle: a novel;English;2022;59161;84.8
4352;Laughter: An Essay on the Meaning of the Comic;English;2003;58491;55.9
8525;Eve's Diary, Complete;English;2004;57989;85.0
174;The Picture of Dorian Gray;English;1994;57825;84.0
24151;The Sky Trap;English;2008;57686;76.9
6761;The Adventures of Ferdinand Count Fathom — Complete;English;2004;55150;38.0
164;Twenty Thousand Leagues under the Sea;English;1994;53863;71.7
4085;The Adventures of Roderick Random;English;2003;53611;49.2
1259;Twenty years after;English;1998;52991;80.7
2542;A Doll's House : a play;English;2001;52914;86.6
308;Three men in a boat (to say nothing of the dog);English;1995;52567;76.9
74;The Adventures of Tom Sawyer, Complete;English;2004;51127;81.2
215;The call of the wild;English;2008;50987;77.5
73144;Lady Chatterley's lover;English;2024;50162;84.8
383;"She Stoops to Conquer; Or, The Mistakes of a Night: A Comedy";English;1995;50101;84.5
24571;Der Struwwelpeteroder lustige Geschichten und drollige Bilder;German;2008;49663;81.9
3189;Sketches New and Old;English;2004;49622;66.7
2643;The History of John Bull;English;2001;49239;75.1
1250;Anthem;English;1998;48385;89.7
14323;Là-bas;English;2004;48113;70.9
21279;2 B R 0 2 B;English;2007;48068;86.3
345;Dracula;English;1995;47118;86.3
29418;The Man from Time;English;2009;46837;82.0
64820;The Vibration Wasps;English;2021;46294;75.2
10676;The Reign of Greed;English;2004;44838;66.9
41445;"Frankenstein; Or, The Modern Prometheus";English;2012;44096;64.8
17489;Les misérables Tome I: Fantine;French;2006;43320;81.5
766;David Copperfield;English;1996;43160;78.7
69087;The murder of Roger Ackroyd;English;2022;43112;86.2
521;The Life and Adventures of Robinson Crusoe;English;1996;43091;54.2
25305;Memoirs of Fanny HillA New and Genuine Edition from the Original Text (London, 1749);English;2008;42796;35.8
57333;Project Gutenberg Compilation of Short Stories by Chekhov;English;2018;42759;80.5
236;The Jungle Book;English;2006;42601;87.3
2911;Justice;English;2004;42568;85.5
2638;The Idiot;English;2001;42469;80.9
35;The Time Machine;English;2004;42344;79.5
32032;Second Variety;English;2010;41717;89.2
27673;Oedipus King of ThebesTranslated into English Rhyming Verse with Explanatory Notes;English;2008;41478;91.3
20228;Noli Me Tangere;Tagalog;2006;41376;59.3
9830;The Beautiful and Damned;English;2006;41187;72.3
599;Vanity Fair;English;1996;40919;75.0
1837;The Prince and the Pauper;English;2004;40894;75.4
103;Around the World in Eighty Days;English;1994;40725;70.7
2147;The Works of Edgar Allan Poe — Volume 1;English;2000;40522;65.2
2097;The Sign of the Four;English;2000;40494;81.6
108;The Return of Sherlock Holmes;English;2006;40349;81.8
141;Mansfield Park;English;1994;40270;66.3
1874;The Railway Children;English;1999;40062;91.1
5197;My Life — Volume 1;English;2004;39875;56.0
86;A Connecticut Yankee in King Arthur's Court;English;2004;39862;75.7
2527;The Sorrows of Young Werther;English;2001;39827;77.4
27761;Hamlet, Prince of Denmark;English;2009;39785;83.8
7700;Lysistrata;English;2005;39750;83.6
7178;Swann's Way;English;2004;39729;59.0
209;The Turn of the Screw;English;1995;39705;79.4
60976;Rip Van Winkle;English;2019;39682;62.9
10623;Plays;English;2004;39518;85.9
121;Northanger Abbey;English;1994;39484;66.9
47;Anne of Avonlea;English;2006;39316;82.8
61963;We;English;2020;39310;82.7
10947;The Best American Humorous Short Stories;English;2004;39230;70.0
3825;Pygmalion;English;2003;39220;84.5
62;A Princess of Mars;English;1993;39087;59.1
24022;A Christmas Carol;English;2007;39032;80.0
5230;The Invisible Man: A Grotesque Romance;English;2004;39022;83.2
902;The Happy Prince, and Other Tales;English;1997;38989;88.4
82;Ivanhoe: A Romance;English;2008;38921;60.9
50290;Space Station 1;English;2015;38864;74.2
4081;The Alchemist;English;2003;38705;85.0
1079;The life and opinions of Tristram Shandy, gentleman;English;1997;38692;54.1
1200;Gargantua and Pantagruel;English;2004;38688;68.9
6133;The Extraordinary Adventures of Arsène Lupin, Gentleman-Burglar;English;2004;38585;74.6
160;The Awakening, and Selected Short Stories;English;2006;38510;81.6
42324;"Frankenstein; Or, The Modern Prometheus";English;2013;38390;64.8
7256;The Gift of the Magi;English;2005;38230;83.9
1695;The Man Who Was Thursday: A Nightmare;English;1999;38205;80.0
61221;A passage to India;English;2020;38131;74.0
805;This Side of Paradise;English;1997;38108;72.6
5611;The Satyricon of Petronius Arbiter;English;2004;38044;56.8
59112;R.U.R. (Rossum's Universal Robots)A Fantastic Melodrama in Three Acts and an Epilogue;English;2019;37713;80.0
6852;Venus in Furs;English;2004;37504;81.3
4078;The Picture of Dorian Gray;English;2003;37349;83.4
32759;Red Nails;English;2010;37327;81.6
1051;Sartor Resartus: The Life and Opinions of Herr Teufelsdröckh;English;1997;37200;48.4
9366;Mary Olivier: a Life;English;2005;37189;94.0
1156;Babbitt;English;2002;37090;80.0
16433;The Gay Cockade;English;2005;37078;92.0
52059;Anthologica Rarissima: The Way of a VirginBeing excerpts from rare, curious and diverting books;English;2016;37044;76.7
19591;De Decamerone van Boccaccio;Dutch;2006;36986;65.3
10002;The House on the Borderland;English;2003;36897;79.3
17699;The Evolution of Love;English;2006;36791;53.3
4039;"Volpone; Or, The Fox";English;2003;36788;83.9
54672;Les Bijoux Indiscrets, or, The Indiscreet Toys;English;2017;36519;68.0
6410;Once Aboard the Lugger-- The History of George and his Mary;English;2004;36517;85.0
18458;Star Born;English;2006;36494;79.5
28488;"Tartuffe; Or, The Hypocrite";English;2009;36436;82.8
28054;The Brothers Karamazov;English;2009;36434;82.0
3726;The Decameron, Volume I;English;2003;36424;55.1
1952;The Yellow Wallpaper;English;1999;36219;89.5
64830;Mémoires de Miss Coote: Exploits d'une fouetteuse britannique racontés par elle-même;French;2021;36131;77.3
16921;Plague Ship;English;2005;36023;80.0
27458;Aeschylus' Prometheus Bound and the Seven Against Thebes;English;2008;35979;76.9
30334;Ultima Thule;English;2009;35957;76.9
61521;The Modern Traveller;English;2020;35920;76.6
19651;Key Out of Time;English;2006;35894;82.1
27609;The Undersea Tube;English;2008;35427;77.2
29019;All cats are gray;English;2009;35392;82.0
30283;The Sound of Silence;English;2009;35263;82.1
30014;Native Son;English;2009;35154;75.3
23379;Old Mr. Wiley;English;2007;35151;74.1
30034;I'll Kill You Tomorrow;English;2009;35123;80.0
23185;The Glory of Ippling;English;2007;35077;73.5
43048;The Piebald Hippogriff;English;2013;35071;83.5
30044;The Carnivore;English;2009;34998;81.1
23920;A Matter of Proportion;English;2007;34996;82.8
26743;The Putnam Tradition;English;2008;34894;83.6
29789;Poppa Needs Shorts;English;2009;34888;74.3
28650;Year of the Big Thaw;English;2009;34745;87.7
16;Peter Pan;English;2008;33534;89.7
98;A Tale of Two Cities;English;1994;32772;78.2
12;Through the Looking-Glass;English;2008;32277;90.2
1251;Le Morte d'Arthur: Volume 1;English;1998;32059;76.7
2600;War and Peace;English;2001;31849;78.3
14591;Faust [part 1]. Translated Into English in the Original Metres;English;2005;31665;82.7
36281;The Slayer of Souls;English;2011;31259;82.8
113;The Secret Garden;English;1994;30959;90.9
36;The War of the Worlds;English;2004;30815;77.8
3090;Complete Original Short Stories of Guy De Maupassant;English;2004;30417;78.6
5200;Metamorphosis;English;2005;30268;68.9
1661;The Adventures of Sherlock Holmes;English;1999;30008;80.6
105;Persuasion;English;1994;29978;64.4
786;Hard Times;English;1997;29964;79.8
19942;Candide;English;2006;29947;77.0
64317;The Great Gatsby;English;2021;29891;81.6
76;Adventures of Huckleberry Finn;English;2004;29736;85.9
1184;The Count of Monte Cristo;English;1998;29706;78.4
43;The Strange Case of Dr. Jekyll and Mr. Hyde;English;2008;29602;75.4
14838;The Tale of Peter Rabbit;English;2005;29214;72.4
6130;The Iliad;English;2004;29005;71.6
1260;Jane Eyre: An Autobiography;English;1998;28863;77.4
4300;Ulysses;English;2003;28732;83.7
203;Uncle Tom's Cabin;English;2006;28606;78.2
2500;Siddhartha;English;2001;28606;75.0
2591;Grimms' Fairy Tales;English;2001;28549;81.8
36034;White Nights and Other StoriesThe Novels of Fyodor Dostoevsky, Volume X;English;2011;28526;79.3
2199;The Iliad;English;2000;28487;73.8
30142;Little Brother;English;2009;28406;82.8
70891;Notre-Dame de Paris - Tome 1;French;2023;28345;77.4
2610;Notre-Dame de Paris;English;2001;28284;78.5
5921;The History of Don Quixote, Volume 1, Complete;English;2004;28217;46.3
8117;The possessed :  or, The devils;English;2005;28214;81.5
863;The Mysterious Affair at Styles;English;1997;28181;85.5
2781;Just so stories;English;2001;28075;86.4
972;The Devil's Dictionary;English;1997;28053;61.2
175;The Phantom of the Opera;English;1994;28043;82.2
1257;The three musketeers;English;1998;27989;80.1
1524;Hamlet, Prince of Denmark;English;1998;27943;83.6
910;White Fang;English;1997;27938;81.2
51;Anne of the Island;English;2006;27910;83.7
7849;The Trial;English;2005;27718;78.2
271;Black Beauty;English;2006;27624;80.8
27805;The Wind in the Willows;English;2009;27455;77.4
834;The Memoirs of Sherlock Holmes;English;1997;27435;80.1
4276;North and South;English;2003;27411;79.4
1514;A Midsummer Night's Dream;English;1998;27315;90.9
23042;The TempestThe Works of William Shakespeare [Cambridge Edition] [9 vols.];English;2007;27302;93.7
32706;Triplanetary;English;2010;27230;71.8
140;The Jungle;English;2006;27210;72.9
23700;The Decameron of Giovanni Boccaccio;English;2007;27205;53.1
22367;Die Verwandlung;German;2007;27074;69.5
6087;"The Vampyre; a Tale";English;2004;27054;54.3
1268;The Mysterious Island;English;1998;26963;69.2
71865;Mrs. Dalloway;English;2023;26799;78.9
500;The Adventures of Pinocchio;English;2006;26772;91.9
56712;The Comic Poems of Thomas HoodA New and Complete Edition;English;2018;26770;73.7
24434;The Wit and Humor of America, Volume X (of X);English;2008;26762;79.4
73;The Red Badge of Courage: An Episode of the American Civil War;English;1993;26657;83.4
8578;The Grand Inquisitor;English;2005;26634;64.2
139;The Lost World;English;1994;26618;78.8
28522;"Laura Middleton; Her Brother and her Lover";English;2009;26604;50.9
11231;Bartleby, the Scrivener: A Story of Wall-Street;English;2004;26571;70.0
159;The island of Doctor Moreau;English;2004;26565;81.0
13610;"Studies in the Psychology of Sex, Volume 1The Evolution of Modesty; The Phenomena of Sexual Periodicity; Auto-Erotism";English;2004;26442;45.8
19924;Plain Facts for Old and Young;English;2006;26439;55.9
31352;Sex-educationA series of lectures concerning knowledge of sex in its relation to human life;English;2010;26388;48.8
4517;Ethan Frome;English;2003;26295;77.0
3328;Man and Superman: A Comedy and a Philosophy;English;2006;26094;72.9
63274;The sexual life of woman in its physiological, pathological and hygienic aspects;English;2020;26047;43.5
2650;Du côté de chez Swann;French;2001;25954;60.6
47947;Self Knowledge and Guide to Sex Instruction: Vital Facts of Life for All Ages;English;2015;25944;69.2
2000;Don Quijote;Spanish;1999;25909;38.5
29827;The Life and Amours of the Beautiful, Gay and Dashing Kate PercivalThe Belle of the Delaware;English;2009;25907;77.1
28521;The Power of MesmerismA Highly Erotic Narrative of Voluptuous Facts and Fancies;English;2009;25818;70.1
2509;The Lani People;English;2001;25806;77.7
60825;"The Convent School; Or, Early Experiences of a Young Flagellant";English;2019;25795;62.6
1254;Cyrano de Bergerac;English;1998;25736;87.4
1917;The Queen of Hearts;English;1999;25730;75.5
49525;First Lensman;English;2015;25706;73.8
32;Herland;English;2008;25618;71.8
8800;The divine comedy;English;2005;25600;71.4
57284;Manual of Classical Erotology (De figuris Veneris);English;2018;25590;66.7
12474;Write It Right: A Little Blacklist of Literary Faults;English;2004;25563;70.2
844;The Importance of Being Earnest: A Trivial Comedy for Serious People;English;1997;25546;77.9
17161;Max und Moritz: Eine Bubengeschichte in sieben Streichen;German;2005;25528;83.5
70403;The miniature menace;English;2023;25519;83.9
20001;The English Spy: An Original Work Characteristic, Satirical, And Humorous.Comprising Scenes And Sketches In Every Rank Of Society, Being Portraits Drawn From The Life;English;2006;25495;56.6
63577;Love Potions Through the Ages: A Study of Amatory Devices and Mores;English;2020;25392;59.1
13611;Studies in the Psychology of Sex, Volume 2Sexual Inversion;English;2004;25196;57.5
30691;Astounding Stories of Super-Science, December 1930;English;2009;25190;81.4
13612;"Studies in the Psychology of Sex, Volume 3Analysis of the Sexual Impulse; Love and Pain; The Sexual Impulse in Women";English;2004;25145;55.6
28718;Les crimes de l'amourPrécédé d'un avant-propos, suivi des idées sur les romans, de l'auteur des crimes de l'amour à Villeterque, d'une notice bio-bibliographique du marquis de Sade: l'homme et ses écrits et du discours prononcé par le marquis de Sade à la section des piques.;French;2009;25102;61.0
23609;Searchlights on Health: Light on Dark CornersA Complete Sexual Science and a Guide to Purity and Physical Manhood, Advice To Maiden, Wife, And Mother, Love, Courtship, And Marriage;English;2007;25101;61.3
1400;Great Expectations;English;1998;25064;77.1
67025;Lives of Fair and Gallant Ladies. Vol 1;English;2021;25056;67.8
43438;Erotika Biblion;German;2013;25017;65.6
623;The Battle of the Books, and other Short Pieces;English;1996;25010;63.2
23680;Sex: Avoided subjects Discussed in Plain English;English;2007;24924;50.4
7241;Fables of La Fontaine — a New Edition, with Notes;English;2005;24921;79.6
2868;The Green Mummy;English;2001;24907;81.8
13613;Studies in the Psychology of Sex, Volume 4Sexual Selection In Man;English;2004;24867;55.9
6122;Tobogganing on Parnassus;English;2004;24849;78.6
31036;"The Lovers Assistant; Or, New Art of Love";English;2010;24790;67.2
57551;Confidential Chats with Girls;English;2018;24789;73.4
30254;The Romance of Lust: A classic Victorian erotic novel;English;2009;24783;71.6
39938;Drei Abhandlungen zur Sexualtheorie;German;2012;24774;46.7
44877;L'escole des fillesréimpression complète du texte original sur la contrefaçon hollandaise de 1668;French;2014;24636;65.8
68400;Der Marquis de Sade und seine Zeit.;German;2022;24622;72.0
22754;Masters of Space;English;2007;24598;76.4
58606;An Essay on Laughter: Its Forms, Its Causes, Its Development and Its Value;English;2019;24568;54.3
20788;Storm Over Warlock;English;2007;24503;80.1
19094;MagicA Fantastic Comedy;English;2006;24502;77.9
26184;Simple Sabotage Field Manual;English;2008;24487;60.5
30434;Occasion ... for Disaster;English;2009;24457;85.3
19090;Star Hunter;English;2006;24449;82.5
149;The Lost Continent;English;1994;24448;76.2
1023;Bleak House;English;1997;24319;79.7
29432;The Man the Martians Made;English;2009;24311;84.1
20796;The Colors of Space;English;2007;24307;83.5
24375;Wizard;English;2008;24226;84.6
32562;"""And That's How It Was, Officer""";English;2010;24202;85.4
30869;Thin Edge;English;2010;24123;75.7
32346;Keep Your Shape;English;2010;24119;86.9
31648;My Fair Planet;English;2010;24082;75.3
31686;Collector's Item;English;2010;24059;76.6
31626;The Vilbar Party;English;2010;24059;75.4
22544;A World is Born;English;2007;24041;86.6
29791;The Most Sentimental Man;English;2009;24010;70.8
32360;The Holes Around Mars;English;2010;23970;85.3
24928;Longevity;English;2008;23959;72.9
29138;The Doorway;English;2009;23957;68.5
768;Wuthering Heights;English;1996;23953;78.8
16328;Beowulf: An Anglo-Saxon Epic Poem;English;2005;23786;70.0
135;Les Misérables;English;2008;23404;79.7
1727;The OdysseyRendered into English prose for the use of those who cannot read the original;English;1999;23186;75.5
1497;The Republic;English;1998;22889;61.1
205;Walden, and On The Duty Of Civil Disobedience;English;1995;22826;68.3
1399;Anna Karenina;English;1998;22486;79.4
8492;The King in Yellow;English;2005;21655;80.0
514;Little Women;English;1996;21651;77.0
25344;The Scarlet Letter;English;2008;21534;65.0
244;A Study in Scarlet;English;1995;21519;80.2
219;Heart of Darkness;English;2006;21334;80.2
2852;The Hound of the Baskervilles;English;2001;20624;80.9
1998;Thus Spake Zarathustra: A Book for All and None;English;1999;20303;80.1
24869;The Rámáyan of Válmíki, translated into English verse;English;2008;19908;83.3
10007;Carmilla;English;2003;19664;76.7
2148;The Works of Edgar Allan Poe — Volume 2;English;2000;19618;65.0
31284;Josefine Mutzenbacheroder Die Geschichte einer Wienerischen Dirne von ihr selbst erzählt;German;2010;19585;92.9
7142;The History of the Peloponnesian War;English;2004;19160;47.6
11339;"Aesop's Fables; a new translation";English;2004;18931;79.2
1600;Symposium;English;1999;18830;65.6
3176;The Innocents Abroad;English;2004;18511;74.1
2413;Madame Bovary;English;2006;18136;78.3
34206;The Thousand and One Nights, Vol. I.Commonly Called the Arabian Nights' Entertainments;English;2010;17765;69.3
12116;Struwwelpeter: Merry Stories and Funny Pictures;English;2004;17753;87.8
37134;The Elements of Style;English;2011;17608;62.8
15272;Spenser's The Faerie Queene, Book I;English;2005;17433;74.5
12242;Poems by Emily Dickinson, Three Series, Complete;English;2004;17398;77.2
3201;Moby Word Lists;English;2002;17377;
3600;Essays of Michel de Montaigne — Complete;English;2004;17280;49.0
21700;Don Juan;English;2007;17277;59.1
921;De Profundis;English;1997;17240;73.0
51155;A Complete Dictionary of Synonyms and Antonymsor, Synonyms and Words of Opposite Meaning;English;2016;17089;
51356;"The Birth of Tragedy; or, Hellenism and Pessimism";English;2016;17038;41.4
1322;Leaves of Grass;English;1998;16989;62.2
5131;Childe Harold's Pilgrimage;English;2004;16661;73.4
28890;Helps to Latin Translation at Sight;English;2009;16644;57.4
1533;Macbeth;English;1998;16631;83.7
45315;The Marriage of Heaven and Hell;English;2014;16595;78.1
1934;Songs of Innocence and of Experience;English;1999;16271;85.3
2707;The History of Herodotus — Volume 1;English;2001;16268;53.3
45;Anne of Green Gables;English;2008;16164;81.8
1232;The Prince;English;2006;15863;50.0
13951;Les trois mousquetaires;French;2004;15657;78.2
3618;Arms and the Man;English;2003;15627;85.4
58866;The Murder on the Links;English;2019;15584;85.8
19033;Alice's Adventures in Wonderland;English;2006;15547;80.2
6737;The Social Cancer: A Complete English Version of Noli Me Tangere;English;2004;15511;69.1
67138;The Sun Also Rises;English;2022;15386;95.8
17989;Le comte de Monte-Cristo, Tome I;French;2006;15280;76.0
1056;Martin Eden;English;1997;15270;81.2
13437;Best Russian Short Stories;English;2004;15237;81.1
3178;The Gilded Age: A Tale of Today;English;2004;15213;78.2
2833;The Portrait of a Lady — Volume 1;English;2001;15189;71.8
131;The Pilgrim's Progress from this world to that which is to comeDelivered under the similitude of a dream, by John Bunyan;English;1994;15168;79.9
2488;Twenty Thousand Leagues Under the Seas: An Underwater Tour of the World;English;2001;15066;72.0
30107;Principles of Political EconomyAbridged with Critical, Bibliographical, and Explanatory Notes, and a Sketch of the History of Political Economy;English;2009;15003;52.7
75201;A farewell to arms;English;2025;14967;95.8
43936;The Wonderful Wizard of Oz;English;2013;14955;86.3
583;The Woman in White;English;1996;14952;78.5
421;Kidnapped;English;2006;14941;83.1
25525;The Works of Edgar Allan Poe, The Raven EditionTable Of Contents And Index Of The Five Volumes;English;2008;14865;65.2
4093;Hedda Gabler;English;2003;14858;87.0
1450;Pollyanna;English;1998;14845;83.9
57426;Baron Trump's Marvellous Underground Journey;English;2018;14811;68.1
47288;The Queen's Daughters in India;English;2014;14752;52.9
541;The Age of Innocence;English;1996;14730;68.9
33848;The History of Cuba, vol. 4;English;2010;14726;48.3
15;"Moby-Dick; or, The Whale";English;1991;14718;73.4
967;Nicholas Nickleby;English;2006;14669;76.7
696;The Castle of Otranto;English;1996;14656;69.6
48320;Adventures of Sherlock HolmesIllustrated;English;2015;14634;80.6
10148;The Merry Adventures of Robin Hood;English;2003;14616;81.9
23639;Plutarch's Morals;English;2007;14581;59.6
375;An Occurrence at Owl Creek Bridge;English;1995;14542;69.4
4363;Beyond Good and Evil;English;2003;14532;44.2
2559;The Forsyte Saga, Volume I.The Man Of Property;English;2006;14492;78.5
46333;The Social Contract & Discourses;English;2014;14476;46.6
42704;Salomé: A Tragedy in One Act;English;2013;14447;95.4
940;"The Last of the Mohicans; A narrative of 1757";English;2006;14443;62.3
40426;Daddy-Long-Legs;English;2012;14434;82.0
1429;The Garden Party, and Other Stories;English;1998;14366;85.2
11870;The Country of the Blind, and Other Stories;English;2004;14357;80.1
4980;Old Granny Fox;English;2004;14297;89.9
2232;The Duchess of Malfi;English;2000;14277;83.0
51233;The Marching Morons;English;2016;14261;74.6
201;Flatland: A Romance of Many Dimensions;English;1995;14146;60.5
60692;The History of the Standard Oil Company;English;2019;14118;56.8
20782;Triplanetary;English;2007;14108;69.8
32449;Japanese Girls and WomenRevised and Enlarged Edition;English;2010;14083;55.0
2518;The Hungry Stones, and Other Stories;English;2001;14039;80.4
64;The Gods of Mars;English;1993;14016;75.3
27083;The Subjection of Women;English;2008;14014;42.9
222;The Moon and Sixpence;English;1995;13979;81.9
41873;The History of Prostitution: Its Extent, Causes, and Effects throughout the World;English;2013;13939;55.4
60979;Reminiscences of a Stock Operator;English;2019;13937;80.4
15776;The Economic Consequences of the Peace;English;2005;13871;51.9
1526;"Twelfth Night; Or, What You Will";English;1998;13861;92.9
2300;The Descent of Man, and Selection in Relation to Sex;English;2000;13836;57.8
4099;The Angel in the House;English;2003;13833;81.4
37676;The History of Cuba, vol. 2;English;2011;13769;56.5
41267;The History of Cuba, vol. 5;English;2012;13745;49.7
29614;The Game of Rat and Dragon;English;2009;13743;81.9
876;"Life in the Iron-Mills; Or, The Korl Woman";English;1997;13731;82.3
14287;L'île mystérieuse;French;2004;13718;69.8
200;The Project Gutenberg Encyclopedia, Volume 1 of 28;English;1995;13710;58.2
59827;My Life and Loves, Vol. 1 (of 4);English;2019;13703;72.5
4791;Voyage au Centre de la Terre;French;2003;13640;72.6
1531;Othello, the Moor of Venice;English;1998;13639;84.8
19656;One Woman's Life;English;2006;13638;71.2
3420;A Vindication of the Rights of WomanWith Strictures on Political and Moral Subjects;English;2002;13618;45.6
14969;Three Contributions to the Theory of Sex;English;2005;13571;33.6
21638;Tarrano the Conqueror;English;2007;13566;76.2
7326;The Yeoman Adventurer;English;2005;13564;79.6
8642;Woman in the Nineteenth Centuryand Kindred Papers Relating to the Sphere, Condition and Duties, of Woman.;English;2005;13559;63.9
767;Agnes Grey;English;1996;13501;69.3
15238;Mathilda;English;2005;13500;68.4
61774;Beautiful Philippines: A Handbook of General Information;English;2020;13458;61.5
29135;With the Night Mail: A Story of 2000 A.D.(Together with extracts from the comtemporary magazine in which it appeared);English;2009;13431;73.5
60054;Romantic Love and Personal BeautyTheir development, causal relations, historic and national peculiarities;English;2019;13420;51.1
83;"From the Earth to the Moon; and, Round the Moon";English;1993;13393;70.0
67961;El arte de amar;Spanish;2022;13391;62.1
1153;The Chessmen of Mars;English;1998;13384;77.6
24246;Greener Than You Think;English;2008;13378;61.1
50133;The Dunwich Horror;English;2015;13375;64.2
34912;Woman in ScienceWith an Introductory Chapter on Woman's Long Struggle for Things of the Mind;English;2011;13354;56.0
28020;History of Woman Suffrage, Volume I;English;2009;13342;64.0
1270;In Defense of Women;English;1998;13338;53.0
32832;Piper in the Woods;English;2010;13333;87.4
28556;History of Woman Suffrage, Volume III;English;2009;13323;58.8
55231;A history of the Peninsular War, Vol. 3, Sep. 1809-Dec. 1810 :  Ocaña, Cadiz, Bussaco, Torres Vedras;English;2017;13316;62.0
12750;The Stolen Bacillus and Other Incidents;English;2004;13293;73.9
2162;Anarchism and Other Essays;English;2000;13260;58.4
66073;Death in Venice;English;2021;13253;63.0
45580;Woman, Church & StateThe Original Exposé of Male Collaboration Against the Female Sex;English;2014;13252;53.4
27444;Starman's Quest;English;2008;13245;84.5
33310;On The Principles of Political Economy, and Taxation;English;2010;13234;60.3
26368;The Ladies Book of Useful InformationCompiled from many sources;English;2008;13232;65.5
624;Looking Backward, 2000 to 1887;English;1996;13224;64.3
28458;What a Young Woman Ought to Know;English;2009;13224;65.6
68;The warlord of Mars;English;1993;13219;69.7
33644;The Secret of the Ninth Planet;English;2010;13218;73.8
1173;The Economist;English;1998;13210;75.6
1059;The World Set Free;English;2006;13207;67.1
15015;Sex and Society: Studies in the Social Psychology of Sex;English;2005;13197;54.6
10662;The Night Land;English;2004;13196;64.5
456;The Door in the Wall, and Other Stories;English;1996;13196;79.1
30240;The Big Trip Up Yonder;English;2009;13190;81.2
42243;The Hour of the Dragon;English;2013;13189;80.9
58475;Sexual Life of Primitive People;English;2018;13183;59.5
15380;Mrs. Warren's Daughter: A Story of the Woman's Movement;English;2005;13180;67.8
15980;Pag Susulatan nang Dalauang Binibini na si Urbana at ni Feliza;Tagalog;2005;13174;56.3
21051;Skylark Three;English;2007;13171;69.7
41562;The Hanging Stranger;English;2012;13169;89.1
40059;Wanderfoot (The Dream Ship);English;2012;13165;77.4
31469;The Shunned House;English;2010;13163;57.1
53964;"The Sins of the Cities of the Plain; or, The Recollections of a Mary-Annwith Short Essays on Sodomy and Tribadism";English;2017;13149;73.3
29870;The History of Woman Suffrage, Volume IV;English;2009;13145;61.8
72;Thuvia, Maid of Mars;English;1993;13144;79.2
11982;"Eighty Years and More; Reminiscences 1815-1897";English;2004;13142;65.2
12163;The Sleeper AwakesA Revised Edition of When the Sleeper Wakes;English;2004;13137;74.4
60968;The Sexual Life of Our Time in Its Relations to Modern CivilizationTranslated from the Sixth German Edition;English;2019;13132;45.6
67969;Phallic WorshipA description of the mysteries of the sex worship of the ancients, with the history of the masculine cross. An account of primitive symbolism, Hebrew phallicism, bacchic festivals, sexual rites, and the mysteries of the ancient faiths.;English;2022;13132;49.7
32512;Historia Amoris: A History of Love, Ancient and Modern;English;2010;13129;63.2
61729;Sex & CharacterAuthorised Translation from the Sixth German Edition;English;2020;13127;51.6
31547;Youth;English;2010;13120;87.2
134;"Maria; Or, The Wrongs of Woman";English;2006;13112;60.1
30637;Writings in the United Amateur, 1915-1922;English;2009;13111;59.2
42182;The Hyborian Age;English;2013;13106;55.3
30646;Woman under socialism;English;2009;13105;55.7
43098;Selected Works of Voltairine de Cleyre;English;2013;13091;62.1
42259;The People of the Black Circle;English;2013;13085;80.7
34856;My own story;English;2011;13085;65.5
36921;"The Deipnosophists; or, Banquet of the Learned of Athenæus, Vol. 1 (of 3)";English;2011;13080;67.5
1353;Off on a Comet! a Journey through Planetary Space;English;1998;13076;66.0
28617;Astounding Stories of Super-Science February 1930;English;2009;13073;75.1
3748;A Journey into the Interior of the Earth;English;2003;13072;72.2
21840;WomanHer Sex and Love Life;English;2007;13066;56.6
27365;Tales of Space and Time;English;2008;13063;80.1
49166;Indian Currency and Finance;English;2015;13056;53.6
41481;Astounding Stories of Super-Science January 1930;English;2012;13046;84.1
524;Ann Veronica: A Modern Love Story;English;2006;13045;74.0
60882;De l'AmourÉdition revue et corrigée et précédée d'une étude sur les oeuvres de Stendhal par Sainte-Beuve;French;2019;13035;73.4
32154;The Variable Man;English;2010;13033;88.0
56779;The Erotic Motive in Literature;English;2018;13032;66.7
46303;South Africa and the Transvaal War, Vol. 6 (of 8)From the Occupation of Pretoria to Mr. Kruger's Departure from South Africa, with a Summarised Account of the Guerilla War to March 1901;English;2014;13030;63.9
1743;Twelve Stories and a Dream;English;1999;13029;80.7
4770;Work: A Story of Experience;English;2003;13029;72.6
73042;The well of loneliness;English;2024;13023;76.5
75859;The intelligent woman's guide to socialism and capitalism;English;2025;13022;56.3
49324;The Authoress of the OdysseyWhere and when she wrote, who she was, the use she made of the Iliad, and how the poem grew under her hands;English;2015;13021;70.7
9296;"Clarissa Harlowe; or the history of a young lady — Volume 1";English;2005;13021;74.4
19027;The Revolt on Venus;English;2006;13015;84.0
26071;Religion and Lustor, The Psychical Correlation of Religious Emotion and Sexual Desire;English;2008;13010;57.7
30750;The Sex Worship and Symbolism of Primitive Races: An Interpretation;English;2009;12999;52.2
551;The Land That Time Forgot;English;1996;12995;75.5
75397;Der Skorpion. Band 1;German;2025;12987;84.1
5097;Vingt mille Lieues Sous Les Mers — Complete;French;2004;12977;71.8
1329;A Voyage to Arcturus;English;1998;12974;84.7
20121;Lone Star Planet;English;2006;12974;73.3
13444;Searchlights on Health: The Science of Eugenics;English;2004;12959;60.9
28554;Beyond Lies the Wub;English;2009;12954;89.2
31893;Astounding Stories, June, 1931;English;2010;12947;81.7
56426;The Mummy! A Tale of the Twenty-Second Century;English;2018;12945;65.7
28402;The Sexual Life of the Child;English;2009;12941;43.6
20728;Space Viking;English;2007;12932;73.9
32004;The Knights of Arthur;English;2010;12931;83.0
75279;The ugly-girl papers :  or, Hints for the toilet;English;2025;12930;69.8
30255;The Skull;English;2009;12914;88.2
36254;Phallic MiscellaniesFacts and Phases of Ancient and Modern Sex Worship, as Illustrated Chiefly in the Religions of India;English;2011;12908;54.5
23731;A Martian Odyssey;English;2007;12907;83.0
18504;"Sex in Education; or, A Fair Chance for Girls";English;2006;12906;55.1
35511;Working Women of Japan;English;2011;12905;55.7
54984;A serious proposal to the Ladies, for the advancement of their true and greatest interest (In Two Parts);English;2017;12887;45.2
24750;Mizora: A ProphecyA MSS. Found Among the Private Papers of the Princess Vera Zarovitch;English;2008;12884;61.3
31979;The Tunnel Under the World;English;2010;12879;85.2
639;"The God-Idea of the Ancients; Or, Sex in Religion";English;1996;12877;49.3
9862;City of Endless Night;English;2006;12866;68.7
33016;Astounding Stories,  August, 1931;English;2010;12859;82.4
34413;The Love Letters of Mary Wollstonecraft to Gilbert Imlay;English;2010;12852;67.6
15265;The Quest of the Silver Fleece: A Novel;English;2005;12850;83.0
35382;The Romance of Biography (Vol 1 of 2)or Memoirs of Women Loved and Celebrated by Poets, from the Days of the Troubadours to the Present Age. 3rd ed. 2 Vols.;English;2011;12846;58.8
18137;Little Fuzzy;English;2006;12838;83.0
32530;Armageddon—2419 A.D.;English;2010;12833;68.3
68821;Notes sur l'Amour;French;2022;12832;81.3
19076;Naudsonce;English;2006;12809;75.0
31619;The Planet Savers;English;2010;12807;81.7
51221;Geschlecht und Charakter: Eine prinzipielle Untersuchung;German;2016;12796;55.7
70243;Labour policy—false and true :  A study in economic history and industrial economics;English;2023;12794;41.7
42196;Shadows in Zamboula;English;2013;12793;81.4
14075;Die Frauenfrage: ihre geschichtliche Entwicklung und wirtschaftliche Seite;German;2004;12791;55.6
24766;Étude Médico-Légale: Psychopathia Sexualisavec recherches spéciales sur l'inversion sexuelle;French;2008;12783;67.2
19476;A Honeymoon in Space;English;2006;12783;75.2
29878;The History of Woman Suffrage, Volume V;English;2009;12781;59.9
51082;Coming Attraction;English;2016;12781;85.6
11689;Are Women People? A Book of Rhymes for Suffrage Times;English;2004;12772;70.3
51461;A Pail of Air;English;2016;12771;86.5
9450;Samantha Among the Brethren, Complete;English;2004;12766;74.4
34983;I divoratori: romanzo;Italian;2011;12763;59.0
25789;Emily Brontë;English;2008;12760;66.7
28215;Empire;English;2009;12760;85.7
30532;Astounding Stories, May, 1931;English;2009;12753;83.6
31500;The Position of Woman in Primitive Society: A Study of the Matriarchy;English;2010;12749;58.5
97;Flatland: A Romance of Many Dimensions;English;1994;12748;60.2
553;Out of Time's Abyss;English;1996;12744;76.0
11672;A Short History of Women's RightsFrom the Days of Augustus to the Present Time. with Special Reference to England and the United States. Second Edition Revised, With Additions.;English;2004;12741;61.3
52888;What Every Girl Should Know;English;2016;12737;64.2
22914;"The Sceptical Chymistor Chymico-Physical Doubts & Paradoxes, Touching the Spagyrist's Principles Commonly call'd Hypostatical; As they are wont to be Propos'd and Defended by the Generality of Alchymists. Whereunto is præmis'd Part of another Discourse relating to the same Subject.";English;2007;12736;26.4
22893;Pygmalion's Spectacles;English;2007;12734;85.1
36528;Monsieur Vénus;French;2011;12729;81.5
16357;Mary: A Fiction;English;2005;12727;61.9
42236;Jewels of Gwahlur;English;2013;12724;79.5
10349;Naar het middelpunt der Aarde;Dutch;2003;12723;73.3
25550;The Defiant Agents;English;2008;12723;81.6
22541;The Misplaced Battleship;English;2007;12720;84.0
31587;Pursuit;English;2010;12713;83.5
74085;Woman's work in America;English;2024;12713;55.0
32003;A espada de AlexandreCorte profundo da questão do Homem-Mulher e Mulher-Homem;Portuguese;2010;12709;45.0
14257;The Magician;English;2004;12706;82.2
38674;De la terre à la lune, trajet direct en 97 heures 20 minutes;French;2012;12703;68.6
3296;The Confessions of St. Augustine;English;2002;12702;65.9
39220;Vies des dames galantes;French;2012;12701;51.8
27730;The Doomsman;English;2009;12695;69.2
23678;Tales of Fantasy and Fact;English;2007;12692;78.6
23790;The Ultimate Weapon;English;2007;12691;74.8
22342;Supermind;English;2007;12691;85.8
7255;Cambridge Sketches;English;2005;12690;64.8
19145;The Time Traders;English;2006;12678;80.7
24149;The Ambulance Made Two Trips;English;2008;12672;77.6
18151;Time Crime;English;2006;12671;72.7
26420;The Convert;English;2008;12670;83.0
24274;The Native Soil;English;2008;12664;74.5
19478;Four-Day Planet;English;2006;12662;81.6
19445;Omnilingual;English;2006;12660;72.7
42188;Shadows in the Moonlight;English;2013;12660;82.5
25024;The Night of the Long Knives;English;2008;12653;78.8
799;De la terre à la lune: trajet direct en 97 heures 20 minutes;French;1997;12653;67.9
24517;Accidental Death;English;2008;12648;84.0
22629;The Vortex Blaster;English;2007;12645;72.3
26906;The Jameson Satellite;English;2008;12641;72.3
495;Amy Foster;English;2006;12639;75.8
604;Gulliver of Mars;English;1996;12634;67.8
69485;Letters on the equality of the sexes, and the condition of woman;English;2022;12634;59.6
38551;The Crux: A Novel;English;2012;12632;83.8
23784;The History of Sir Richard Calmady: A Romance;English;2007;12632;71.8
22527;Beyond the Vanishing Point;English;2007;12622;86.6
18949;Day of the Moron;English;2006;12618;74.4
32108;The Ego Machine;English;2010;12616;78.5
1440;Woman and Labour;English;1998;12610;30.1
16199;Memoirs of the Author of a Vindication of the Rights of Woman;English;2005;12607;57.1
3015;"The Man-Made World; Or, Our Androcentric Culture";English;2002;12605;57.3
32041;One Man's Poison;English;2010;12599;86.7
76008;Woman—through a man's eyeglass;English;2025;12597;60.5
18641;Hunter Patrol;English;2006;12594;72.9
32398;"Brood of the Dark Moon(A Sequel to ""Dark Moon"")";English;2010;12587;80.4
19718;The Bostonians, Vol. II (of II);English;2006;12581;74.6
62291;A history of the Peninsular War, Vol. 5, Oct. 1811-Aug. 31, 1812 :  Valencia, Ciudad Rodrigo, Badajoz, Salamanca, Madrid;English;2020;12579;60.9
20649;Oomphel in the Sky;English;2007;12568;81.9
52228;Search the Sky;English;2016;12558;84.7
38287;We're Civilized!;English;2011;12551;75.4
20659;Ministry of Disturbance;English;2007;12547;73.0
28698;The Crystal Crypt;English;2009;12540;87.0
27462;The Last Evolution;English;2008;12540;72.2
58204;A History of Greek Economic Thought;English;2018;12539;66.2
32734;Fly By Night;English;2010;12539;74.7
22585;—And Devious the Line of Duty;English;2007;12530;82.2
23210;Missing Link;English;2007;12529;87.5
30339;Status Quo;English;2009;12510;76.7
32022;A Problem in Greek EthicsBeing an inquiry into the phenomenon of sexual inversion, addressed especially to medical psychologists and jurists;English;2010;12500;55.7
50566;Falcons of Narabedla;English;2015;12493;84.0
24495;The Golden Judge;English;2008;12492;71.0
18520;Sabotage in Space;English;2006;12490;84.0
23599;The Big Fix;English;2007;12489;80.1
30770;The Right Time;English;2009;12488;93.7
24723;Final Weapon;English;2008;12488;77.0
18768;The Sky Is Falling;English;2006;12479;83.7
41981;The Jewels of Aptor;English;2013;12475;93.1
18346;Null-ABC;English;2006;12474;72.9
24104;The Aliens;English;2008;12472;76.9
29720;Hall of Mirrors;English;2009;12470;84.6
50876;Earthbound;English;2016;12465;85.8
27595;Eight Keys to Eden;English;2008;12461;74.0
31922;Felony;English;2010;12443;79.2
35605;Manor;German;2011;12438;86.9
18831;Time and Time Again;English;2006;12428;75.8
26198;South Africa and the Transvaal War, Vol. 2 (of 8)From the Commencement of the War to the Battle of Colenso, 15th Dec. 1899;English;2008;12427;67.8
30311;Modus Vivendi;English;2009;12420;86.2
23568;The Mississippi Saucer;English;2007;12406;82.4
29317;There Will Be School Tomorrow;English;2009;12390;87.6
51288;Man of Distinction;English;2016;12379;73.0
52026;Matthew Calbraith Perry: A Typical American Naval Officer;English;2016;12375;69.1
32150;Prison of a Billion Years;English;2010;12374;84.1
18800;Last Enemy;English;2006;12369;71.8
27013;Hellhounds of the Cosmos;English;2008;12357;83.6
23197;Subversive;English;2007;12332;76.8
26867;John Jones's Dollar;English;2008;12331;59.2
76051;The strike of a sex :  A novel.;English;2025;12330;65.8
23408;Far from Home;English;2007;12330;65.5
25078;No Moving Parts;English;2008;12295;76.2
29027;Spawn of the Comet;English;2009;12277;74.7
23692;South Africa and the Transvaal War, Vol. 1 (of 8)From the Foundation of Cape Colony to the Boer Ultimatum of 9th Oct. 1899;English;2007;12246;55.8
26140;Security;English;2008;12223;73.9
56812;A history of the Peninsular War, Vol. 4, Dec. 1810-Dec. 1811 :  Massena's retreat, Fuentes de Oñoro, Albuera, Tarragona;English;2018;12148;60.5
54279;A history of the Peninsular War, Vol. 2, Jan.-Sep. 1809 :  From the battle of Corunna to the end of the Talavera campaign;English;2017;12126;62.1
72679;The lesser Key of Solomon, Goetia, the book of evil spirits :  contains two hundred diagrams and seals for invocation and convocation of spirits, necromancy, witchcraft and black art;English;2024;11939;69.4
27827;The Kama Sutra of VatsyayanaTranslated From the Sanscrit in Seven Parts With Preface, Introduction and Concluding Remarks;English;2009;11456;63.5
2680;Meditations;English;2001;11438;62.7
3206;Moby Multiple Language Lists of Common Words;English;2002;11422;70.4
3207;Leviathan;English;2002;11230;49.6
33283;Calculus Made EasyBeing a very-simplest introduction to those beautiful methods which are generally called by the terrifying names of the Differential Calculus and the Integral Calculus;English;2010;10320;
55;The Wonderful Wizard of Oz;English;1993;10028;86.6
32162;The Beasts in the Void;English;2010;9950;87.7
58585;The Prophet;English;2019;9628;86.0
600;Notes from the Underground;English;1996;8915;78.9
31552;Novo dicionário da língua portuguesa;Portuguese;2010;8910;56.2
161;Sense and Sensibility;English;1994;8704;66.2
46;"A Christmas Carol in Prose; Being a Ghost Story of Christmas";English;2004;8640;80.0
67098;Winnie-the-Pooh;English;2022;8569;92.3
7370;Second Treatise of Government;English;2005;8243;33.4
10;The King James Version of the Bible;English;1989;8139;77.2
132;The Art of War;English;1994;8084;66.8
120;Treasure Island;English;2006;8080;86.2
408;The Souls of Black Folk;English;1996;7942;62.0
730;Oliver Twist;English;1996;7703;78.7
41;The Legend of Sleepy Hollow;English;2008;7658;52.8
34901;On Liberty;English;2011;7579;43.3
15474;The Mahabharata of Krishna-Dwaipayana Vyasa, Volume 1Books 1, 2 and 3;English;2005;7479;67.7
996;Don Quixote;English;2004;7329;50.7
5827;The Problems of Philosophy;English;2004;7280;51.7
829;Gulliver's Travels into Several Remote Nations of the World;English;1997;7222;50.9
779;The Tragical History of Doctor FaustusFrom the Quarto of 1604;English;1997;7206;81.5
4280;The Critique of Pure Reason;English;2003;7174;35.3
5740;Tractatus Logico-Philosophicus;English;2010;6909;
2848;Antiquities of the Jews;English;2001;6846;48.5
2814;Dubliners;English;2001;6824;81.7
1228;On the Origin of Species By Means of Natural SelectionOr, the Preservation of Favoured Races in the Struggle for Life;English;1998;6759;49.4
4217;A Portrait of the Artist as a Young Man;English;2003;6654;79.4
17396;The Secret Garden;English;2005;6488;90.9
110;Tess of the d'Urbervilles: A Pure Woman;English;1994;6446;77.2
994;Riders to the Sea;English;1997;6355;90.1
8438;The Ethics of Aristotle;English;2005;6238;48.1
18269;Pascal's Pensées;English;2006;6221;69.4
21765;The Metamorphoses of Ovid, Books I-VII;English;2007;6213;73.4
26;Paradise Lost;English;1992;5973;53.0
20439;Susan B. AnthonyRebel, Crusader, Humanitarian;English;2007;5846;59.0
12814;Philippine Folk Tales;English;2004;5812;82.9
398;The First Book of Adam and Eve;English;1996;5798;82.4
3300;An Inquiry into the Nature and Causes of the Wealth of Nations;English;2002;5768;47.4
3800;Ethics;English;2003;5724;62.7
41617;A Complete Guide to Heraldry;English;2012;5562;61.6
402;Penrod;English;2006;5553;72.4
23;Narrative of the Life of Frederick Douglass, an American Slave;English;2006;5515;76.9
35899;The Philippines a Century Hence;English;2011;5388;49.3
1946;On War;English;2006;5381;43.6
52319;The Genealogy of MoralsThe Complete Works, Volume Thirteen, edited by Dr. Oscar Levy.;English;2016;5305;43.2
3449;Supplemental Nights to the Book of the Thousand and One Nights — Volume 5 (of 6);English;2002;5280;68.8
25717;The History of the Decline and Fall of the Roman EmpireTable of Contents with links in the HTML file to the two Project Gutenberg editions (12 volumes);English;2008;5246;54.0
10615;An Essay Concerning Humane Understanding, Volume 1MDCXC, Based on the 2nd Edition, Books 1 and 2;English;2004;5192;49.8
4507;As a man thinketh;English;2003;5070;52.9
20203;Autobiography of Benjamin Franklin;English;2006;4989;59.9
35123;The Ladies' Book of Etiquette, and Manual of PolitenessA Complete Hand Book for the Use of the Lady in Polite Society;English;2011;4908;65.2
17199;Golden Days for Boys and Girls, Vol. XII, Jan. 3, 1891;English;2005;4865;81.8
815;Democracy in America — Volume 1;English;2006;4862;47.1
43789;La GermanieTexte latin avec introduction, notes et lexique des noms propres;Latin;2013;4673;67.2
29728;Cookery and Dining in Imperial Rome;English;2009;4628;70.6
52263;"The Twilight of the Idols; or, How to Philosophize with the Hammer. The AntichristComplete Works, Volume Sixteen";English;2016;4615;56.2
61;The Communist Manifesto;English;2005;4536;38.0
25282;The Jewish State;English;2008;4502;60.5
8710;The Doré Bible Gallery, CompleteContaining One Hundred Superb Illustrations, and a Page of Explanatory Letter-press Facing Each;English;2004;4471;82.1
10636;The Travels of Marco Polo — Volume 1;English;2004;4400;70.1
69566;The Egyptian Book of the dead;English;2022;4386;80.9
1001;Divine Comedy, Longfellow's Translation, Hell;English;1997;4339;68.7
15399;The Interesting Narrative of the Life of Olaudah Equiano, Or Gustavus Vassa, The AfricanWritten By Himself;English;2005;4295;67.0
75425;Portuguese literature;English;2025;4251;60.2
65903;Psychology of the UnconsciousA Study of the Transformations and Symbolisms of the Libido. A Contribution to the History of the Evolution of Thought;English;2021;4213;57.2
2850;"The Wars of the Jews; Or, The History of the Destruction of Jerusalem";English;2001;4072;47.4
22381;Myths and Legends of Ancient Greece and Rome;English;2007;4068;63.3
147;Common Sense;English;1994;4035;57.3
19322;The Antichrist;English;2006;3977;55.5
16643;Essays by Ralph Waldo Emerson;English;2005;3948;70.0
48785;"The travels of Pedro de Cieza de Léon; part 2";English;2015;3899;62.1
43453;A Pickle for the Knowing Ones;English;2013;3898;42.9
16119;Doctrina ChristianaThe first book printed in the Philippines, Manila, 1593.;Tagalog;2005;3892;72.7
1754;The Sea-Gull;English;2006;3856;84.7
40074;A Dictionary of Cebuano Visayan;English;2012;3846;86.9
1636;Phaedrus;English;1999;3819;58.0
114;The Tenniel Illustrations for Carroll's Alice in Wonderland;English;1994;3813;
18600;Mi Ultimo Adiós;Spanish;2006;3805;54.1
38269;A History of the Philippines;English;2011;3791;58.8
35690;Omens and Superstitions of Southern India;English;2011;3769;65.0
2388;"The Song Celestial; Or, Bhagavad-Gîtâ (from the Mahâbhârata)Being a discourse between Arjuna, Prince of India, and the Supreme Being under the form of Krishna";English;2000;3764;78.7
242;My Ántonia;English;2008;3749;80.3
10681;Roget's Thesaurus of English Words and Phrases;English;2004;3745;49.1
58360;The Book of the Thousand Nights and a Night — Volume 10 (of 10);English;2018;3714;83.5
58221;La Odisea;Spanish;2018;3680;47.4
35018;雲形紋章;Japanese;2011;3665;
1057;Poems, with The Ballad of Reading Gaol;English;1997;3656;73.0
67092;El paraíso perdido;Spanish;2022;3649;36.1
25141;The Pursuit of God;English;2008;3591;77.1
19116;How to sing [Meine Gesangskunst];English;2006;3579;63.6
39647;Heath's Modern Language Series: The Spanish American Reader;Spanish;2012;3570;58.0
14568;Sir Gawayne and the Green KnightAn Alliterative Romance-Poem (c. 1360 A.D.);Middle English;2005;3563;81.0
41214;Totem and taboo :  Resemblances between the psychic lives of savages and neurotics;English;2012;3553;53.2
25286;歡喜冤家;Chinese;2008;3547;
8775;Poems;English;2005;3520;77.6
76503;The man who mastered time;English;2025;3516;
26471;Spoon River Anthology;English;2008;3512;
1279;Poems and Songs of Robert Burns;English;2005;3511;85.5
59;Discourse on the Method of Rightly Conducting One's Reason and of Seeking Truth in the Sciences;English;1993;3498;7.5
45109;The Enchiridion;English;2014;3484;70.0
31968;The Birth of the War-God: A Poem by Kálidása;English;2010;3482;76.2
45304;The City of God, Volume I;English;2014;3481;53.2
8581;The art of money getting :  or, golden rules for making money;English;2005;3472;64.6
21076;The First Six Books of the Elements of Euclid;English;2007;3465;
14328;The Consolation of Philosophy;English;2004;3463;65.3
31641;"Encyclopaedia Britannica, 11th Edition, ""Cincinnatus"" to ""Cleruchy""Volume 6, Slice 4";English;2010;3444;57.5
245;Life on the Mississippi;English;2004;3423;76.0
9800;The Rape of the Lock, and Other Poems;English;2006;3421;74.8
16878;Observations upon the Prophecies of Daniel, and the Apocalypse of St. John;English;2005;3401;56.8
18707;Gilbert Keith Chesterton;English;2006;3393;67.2
74039;The reader's guide to the Encyclopaedia Britannica :  A handbook containing sixty-six courses of systematic study or occasional reading;English;2024;3380;54.6
25716;灵历集光;Chinese;2008;3365;
42108;The slang dictionary :  Etymological, historical and anecdotal;English;2013;3353;74.3
31591;Language of Flowers;English;2010;3346;64.8
26225;Fifteen Thousand Useful Phrases;English;2008;3338;
24915;Voyages et Aventures Surprenantes de Robinson Crusoé;French;2008;3334;46.0
38145;Human, All Too Human: A Book for Free Spirits;English;2011;3328;52.6
46976;The Anabasis of Alexander :  or, The history of the wars and conquests of Alexander the Great;English;2014;3313;67.2
146;A Little PrincessBeing the whole story of Sara Crewe now told for the first time;English;1994;3313;81.9
36098;The Flowers of Evil;English;2011;3302;71.9
1170;Anabasis;English;1998;3301;68.3
5402;1811 Dictionary of the Vulgar Tongue;English;2004;3275;74.6
4200;The Diary of Samuel Pepys — Complete;English;2004;3257;76.9
6400;The Lives of the Twelve Caesars, Complete;English;2004;3244;50.7
9662;An Enquiry Concerning Human Understanding;English;2006;3237;47.8
3221;Mr. Honey's Large Business Dictionary (English-German);English;2002;3219;
1091;On Heroes, Hero-Worship, and the Heroic in History;English;1997;3210;66.0
1;The Declaration of Independence of the United States of America;English;1971;3205;52.1
40686;Demonology and Devil-lore;English;2012;3197;63.3
52190;Ecce HomoComplete Works, Volume Seventeen;English;2016;3193;65.3
33870;Chess Fundamentals;English;2010;3167;89.3
21;Three hundred Aesop’s fablesTranslated by George Fyler Townsend;English;2008;3158;74.0
56006;One Thousand Ways to Make Money;English;2017;3152;72.7
1404;The Federalist Papers;English;1998;3143;38.4
25128;孽海花;Chinese;2008;3142;
49513;The Complete HerbalTo which is now added, upwards of one hundred additional herbs, with a display of their medicinal and occult qualities physically applied to the cure of all disorders incident to mankind: to which are now first annexed, the English physician enlarged, and key to Physic.;English;2015;3130;69.5
10732;"The Essays of Arthur Schopenhauer; Studies in Pessimism";English;2004;3082;59.0
51090;A Polyglot of Foreign ProverbsComprising French, German, Dutch, Spanish, Portuguese and Danish, with English Translations and a General Index;English;2016;3078;92.6
51143;The Waterloo Roll CallWith Biographical Notes and Anecdotes;English;2016;3077;88.5
12342;The Nuttall EncyclopædiaBeing a Concise and Comprehensive Dictionary of General Knowledge;English;2004;3057;50.8
27200;Fairy Tales of Hans Christian Andersen;English;2008;3050;84.4
76463;Bog-trotting for orchids;English;2025;3049;
4367;Personal Memoirs of U. S. Grant, Complete;English;2004;3044;65.2
20239;The Ten Books on Architecture;English;2006;3026;62.4
11030;Incidents in the Life of a Slave Girl, Written by Herself;English;2004;3023;80.4
228;The Aeneid;English;1995;3014;80.3
43007;Tribute to Michael Hart;Arabic;2013;3013;88.2
9105;"Reflections; or Sentences and Moral Maxims";English;2005;3012;69.9
45634;Myths of the CherokeeExtract from the Nineteenth Annual Report of the Bureau of American Ethnology;English;2014;3007;63.7
1974;The Poetics of Aristotle;English;1999;3005;65.7
73849;"The Mediterranean :  Seaports and sea routes including Madeira, the Canary Islands, the coast of Morocco, Algeria, and Tunisia; handbook for travellers";English;2024;2989;77.2
27577;The Works of Lord Byron, Vol. 7. Poetry;English;2008;2976;80.1
29765;Webster's Unabridged Dictionary;English;2009;2974;69.7
35461;A Short History of the World;English;2011;2973;57.3
80;The Online World;English;1993;2964;57.9
16713;Amusements in Mathematics;English;2005;2962;78.6
45502;How the Other Half Lives: Studies Among the Tenements of New York;English;2014;2962;64.8
42059;Christopher Columbus and How He Received and Imparted the Spirit of Discovery;English;2013;2945;65.0
26393;The Medicinal Plants of the Philippines;English;2008;2936;56.8
16527;1001 задача для умственного счета;Russian;2005;2936;
29433;Nature;English;2009;2928;68.3
47018;"A Dictionary of Slang, Cant, and Vulgar WordsUsed at the Present Day in the Streets of London; the Universities of Oxford and Cambridge; the Houses of Parliament; the Dens of St. Giles; and the Palaces of St. James.";English;2014;2914;74.6
1656;Apology;English;1999;2912;68.5
38326;Bede's Ecclesiastical History of England;English;2011;2905;75.2
5720;A Shropshire Lad;English;2004;2878;79.7
16059;Modern Spanish Lyrics;Spanish;2005;2873;59.4
7205;Also sprach Zarathustra: Ein Buch für Alle und Keinen;German;2005;2871;82.1
14264;The Practice and Science of Drawing;English;2004;2862;62.2
38769;A Course of Pure MathematicsThird Edition;English;2012;2850;
18047;Dio's Rome, Volume 1An Historical Narrative Originally Composed in Greek during the Reigns of Septimius Severus, Geta and Caracalla, Macrinus, Elagabalus and Alexander Severus: and Now Presented in English Form;English;2006;2845;64.2
56463;Bacon's Essays, and Wisdom of the Ancients;English;2018;2844;57.1
76466;Glimpses of the dark ages :  or, Sketches of the social condition of Europe, from the fifth to the twelfth century;English;2025;2840;
38485;"Ancient Pagan and Modern Christian SymbolismWith an Essay on Baal Worship, on the Assyrian Sacred ""Grove,"" and Other Allied Symbols";English;2012;2838;66.0
36805;Spanish Tales for Beginners;Spanish;2011;2835;69.1
59844;The Science of Getting Rich;English;2019;2823;62.7
43296;"A History of the Inquisition of Spain; vol. 1";English;2013;2823;52.1
32415;The Nursery Rhymes of England;English;2010;2761;85.0
20;Paradise Lost;English;1991;2759;45.7
42959;The Survey of London;English;2013;2757;67.9
19994;The Aesop for ChildrenWith pictures by Milo Winter;English;2006;2746;88.8
39287;苦悶の欄;Japanese;2012;2745;
3177;Roughing It;English;2004;2727;65.7
50922;Perpetual Peace: A Philosophical Essay;English;2016;2725;55.0
44369;Pals: Young Australians in Sport and Adventure;English;2013;2724;81.2
4705;A Treatise of Human Nature;English;2003;2718;47.0
38433;Notes and Queries, Vol. IV, Number 97, September 6, 1851A Medium of Inter-communication for Literary Men, Artists, Antiquaries, Genealogists, etc.;English;2011;2715;70.3
10741;The Essays of Arthur Schopenhauer: the Wisdom of Life;English;2004;2710;54.4
57724;A Cyclopaedia of Canadian Biography: Being Chiefly Men of the TimeA Collection of Persons Distinguished in Professional and Political Life, Leaders in the Commerce and Industry of Canada, and Successful Pioneers;English;2018;2704;58.6
2383;The Canterbury Tales, and Other Poems;English;2000;2700;74.5
37734;Some Jewish Witnesses For Christ;English;2011;2685;67.3
26659;The Will to Believe, and Other Essays in Popular Philosophy;English;2008;2666;54.7
24440;Surgical Anatomy;English;2008;2656;55.9
816;Democracy in America — Volume 2;English;2006;2647;46.2
2885;The House of the WolfingsA Tale of the House of the Wolfings and All the Kindreds of the Mark Written in Prose and in Verse;English;2001;2644;62.9
76427;The best short stories of 1922, and the yearbook of the American short story;English;2025;2638;
38427;The World as Will and Idea (Vol. 1 of 3);English;2011;2637;43.9
26296;Les mille et une nuits, tome premier;French;2008;2635;
70954;Trois femmes;French;2023;2627;79.6
51125;Mars is My Destination;English;2016;2622;78.3
75883;The Roll of Honour, Volume 1 :  A biographical record of all members of His Majesty's naval  and military forces who have fallen in the war;English;2025;2621;85.9
22;Roget's Thesaurus;English;1991;2613;50.2
2017;"Dhammapada, a Collection of Verses; Being One of the Canonical Books of the Buddhists";English;1999;2609;73.1
46681;A History of Norwegian Immigration to the United StatesFrom the Earliest Beginning down to the Year 1848;English;2014;2606;70.0
14977;The Red RecordTabulated Statistics and Alleged Causes of Lynching in the United States;English;2005;2602;66.7
33525;Stories from Tagore;English;2010;2597;81.0
52958;Revelations of Divine Love;English;2016;2590;69.5
2772;The Country House;English;2006;2590;81.2
41537;The Divine Comedy of Dante Alighieri: The Inferno;English;2012;2581;73.9
6081;Biographia Literaria;English;2004;2577;48.0
25559;中國小說史略;Chinese;2008;2576;
41360;The Elementary Forms of the Religious Life;English;2012;2576;57.2
49965;Dao De Jing: A Minimalist Translation;Chinese;2015;2574;
49266;The Wars of Religion in France 1559-1576The Huguenots, Catherine de Medici and Philip II;English;2015;2566;66.8
57303;La Divina Comedia;Spanish;2018;2558;50.3
14314;Etiquette;English;2004;2550;65.3
38488;Folk-Tales of Bengal;English;2012;2542;76.0
10800;The Anatomy of Melancholy;English;2004;2541;62.8
58804;Die Deutschen Familiennamen, geschichtlich, geographisch, sprachlich;German;2019;2537;69.0
24787;The South of France—East Half;English;2008;2535;75.2
31543;A Concise Anglo-Saxon DictionaryFor the Use of Students;English;2010;2511;72.8
2981;The Memoirs of Jacques Casanova de Seingalt, 1725-1798. Complete;English;2004;2502;75.0
76451;Lost Island;English;2025;2499;
28500;All About Coffee;English;2009;2480;61.5
6099;Les Fleurs du Mal;French;2004;2472;71.6
5116;Pragmatism: A New Name for Some Old Ways of Thinking;English;2004;2472;59.1
28553;How it WorksDealing in simple language with steam, electricity, light, heat, sound, hydraulics, optics, etc., and with their applications to apparatus in common use;English;2009;2471;69.3
57493;The Natural History of Pliny, Volume 1 (of 6);English;2018;2466;69.1
23962;西遊記;Chinese;2007;2465;
17116;Ang Liham ni Dr. Jose Rizal sa mga Kadalagahan sa Malolos, Bulakan;Tagalog;2005;2458;51.9
39293;The Gentlemen's Book of Etiquette and Manual of PolitenessBeing a Complete Guide for a Gentleman's Conduct in All His Relations Towards Society;English;2012;2443;62.0
24162;二刻拍案惊奇;Chinese;2008;2436;
14209;The KybalionA Study of The Hermetic Philosophy of Ancient Egypt and Greece;English;2004;2426;54.5
43286;The Criminal Prosecution and Capital Punishment of Animals;English;2013;2424;38.2
76571;Death of a hero :  a novel;English;2025;2418;
5333;Every Man in His Humor;English;2004;2411;83.8
1597;Andersen's Fairy Tales;English;1999;2410;85.8
54027;"Nil Darpan; or, The Indigo Planting Mirror, A Drama.Translated from the Bengali by a Native.";English;2017;2405;82.0
10625;A Concise Dictionary of Middle English from A.D. 1150 to 1580;English;2004;2395;88.6
25063;"The Beggar's Opera; to Which is Prefixed the Musick to Each Song";English;2008;2394;82.5
3;John F. Kennedy's Inaugural Address;English;1973;2389;74.4
8396;The Gentleman: A Romance of the Sea;English;2005;2387;95.0
16317;The Art of Public Speaking;English;2005;2382;68.3
53419;Twenty-Five Ghost Stories;English;2016;2381;77.7
76435;The black kiss;English;2025;2376;
11945;Essays of Schopenhauer;English;2004;2375;48.8
51173;The Stately Homes of England;English;2016;2375;61.6
1430;Beautiful Stories from Shakespeare;English;1998;2371;78.9
55317;The Meditations of the Emperor Marcus Aurelius AntoninusA new rendering based on the Foulis translation of 1742;English;2017;2369;75.6
227;Aeneidos;Latin;1995;2369;34.6
55300;Society as I Have Found It;English;2017;2358;66.6
43629;Strange Stories from a Chinese Studio (Volumes 1 and 2);English;2013;2355;72.5
57628;The Principles of Psychology, Volume 1 (of 2);English;2018;2352;55.8
55201;The Republic of Plato;English;2017;2346;66.9
34073;The New Gresham Encyclopedia. A to AmideVol. 1 Part 1;English;2010;2344;60.5
25391;甌北詩話;Chinese;2008;2343;
66048;The Interpretation of Dreams;English;2021;2342;53.8
47629;"Ang ""Filibusterismo"" (Karugtóng ng Noli Me Tangere)";Tagalog;2014;2339;68.0
7452;Autobiography of a Yogi;English;2005;2334;64.4
61262;Poirot Investigates;English;2020;2325;85.3
50742;The Story of Beowulf, Translated from Anglo-Saxon into Modern English Prose;English;2015;2324;76.2
4361;Memoirs of General William T. Sherman — Complete;English;2004;2323;61.8
1658;Phaedo;English;1999;2320;68.6
37499;Napoleon's Letters to Josephine, 1796-1812For the First Time Collected and Translated, with Notes Social, Historical, and Chronological, from Contemporary Sources;English;2011;2319;73.9
947;The Life of Horatio, Lord Nelson;English;2006;2318;60.5
1750;Laws;English;1999;2316;56.2
8300;The Bible, Douay-Rheims, CompleteThe Challoner Revision;English;2004;2316;83.8
15353;A First Spanish Reader;Spanish;2005;2315;70.2
24518;Memoirs of Extraordinary Popular Delusions and the Madness of Crowds;English;2008;2310;64.0
54;The Marvelous Land of Oz;English;1993;2308;79.8
14033;Plutarch's Lives, Volume 1 (of 4);English;2004;2302;52.4
5186;Kalevala : the Epic Poem of Finland — Complete;English;2004;2299;60.5
28942;The Junior Classics, Volume 1: Fairy and wonder tales;English;2009;2293;
3623;The Golden Bough: A Study of Magic and Religion;English;2003;2292;58.2
18947;"The Younger Edda; Also called Snorre's Edda, or The Prose Edda";English;2006;2279;79.5
26487;Little Lucy's Wonderful Globe;English;2008;2277;78.4
11224;Utilitarianism;English;2004;2275;40.5
57374;Annals and Antiquities of Rajasthan, v. 1 of 3or the Central and Western Rajput States of India;English;2018;2274;56.9
31485;The Blue Goose;English;2010;2273;84.2
34948;King Spruce, A Novel;English;2011;2267;81.4
944;The Voyage of the Beagle;English;1997;2245;62.3
28233;Philosophiae Naturalis Principia Mathematica;Latin;2009;2241;31.9
3333;Os Lusíadas;Portuguese;2002;2234;48.1
2130;Utopia;English;2000;2232;40.8
71062;Charmes;French;2023;2229;78.8
64908;What Is Art?;English;2021;2224;51.7
165;McTeague: A Story of San Francisco;English;2006;2221;82.5
14880;McGuffey's Fourth Eclectic Reader;English;2005;2220;80.6
1672;Gorgias;English;1999;2215;71.9
38697;殉情詩集;Japanese;2012;2214;21.4
503;The Blue Fairy Book;English;2005;2202;79.1
22091;The best short stories of 1920, and the yearbook of the American short story;English;2007;2201;83.2
54338;Q-Ships and Their Story;English;2017;2200;66.4
76483;What is truth?;English;2025;2189;
75585;Flecker's magic;English;2025;2189;85.0
8299;Filipino Popular Tales;English;2005;2179;80.4
13549;The Art of War;English;2004;2177;56.4
34612;"Encyclopaedia Britannica, 11th Edition, ""Bent, James"" to ""Bibirine""Volume 3, Slice 6";English;2010;2173;58.5
7986;Plays by Anton Chekhov, Second Series;English;2005;2170;86.6
49260;The History of Orange County New York;English;2015;2168;71.2
42722;Historic Paris;English;2013;2166;69.0
39308;Walks in Rome;English;2012;2165;68.9
38683;Mr. Punch's Golf Stories;English;2012;2158;82.0
16966;Shakespearean Tragedy: Lectures on Hamlet, Othello, King Lear, Macbeth;English;2005;2158;65.2
23997;Eugene Oneguine [Onegin]A Romance of Russian Life in Verse;English;2007;2154;68.1
544;Anne's House of Dreams;English;1996;2149;82.5
155;The Moonstone;English;2006;2147;80.9
1150;The Danish History, Books I-IX;English;2006;2142;69.5
1756;Uncle Vanya: Scenes from Country Life in Four Acts;English;1999;2140;85.7
204;The innocence of Father Brown;English;2008;2139;78.5
14522;The Canterville Ghost;English;2004;2138;72.0
6157;What Men Live By, and Other Tales;English;2004;2137;89.1
43990;"A History of the Inquisition of Spain; vol. 2";English;2013;2137;53.5
37423;How We Think;English;2011;2134;45.6
4368;Flappers and Philosophers;English;2003;2131;82.1
5000;The Notebooks of Leonardo Da Vinci — Complete;English;2004;2127;73.0
38964;"Encyclopaedia Britannica, 11th Edition, ""Hudson River"" to ""Hurstmonceaux""Volume 13, Slice 8";English;2012;2126;56.4
76539;The life-eater;English;2025;2125;
70033;The history of magic :  including a clear and precise exposition of its procedure, its rites and its mysteries;English;2023;2120;52.6
1653;The Imitation of Christ;English;1999;2117;72.4
34853;The Fairy-Faith in Celtic Countries;English;2011;2117;62.9
15784;The Chronology of Ancient Kingdoms AmendedTo which is Prefix'd, A Short Chronicle from the First Memory of Things in Europe, to the Conquest of Persia by Alexander the Great;English;2005;2114;44.6
47873;Malay MagicBeing an introduction to the folklore and popular religion of the Malay Peninsula;English;2015;2111;63.1
1298;The Virginian: A Horseman of the Plains;English;1998;2108;83.2
19725;The History of Rome, Books 01 to 08;English;2006;2107;53.5
48438;Rizal's own story of his life;English;2015;2106;75.0
36459;羹;Japanese;2011;2106;
830;The Argonautica;English;1997;2104;74.0
2895;Following the Equator: A Journey Around the World;English;2004;2104;67.3
1515;The Merchant of Venice;English;1998;2104;82.0
15250;Myths and Legends of China;English;2005;2104;65.6
2085;Cyropaedia: The Education of Cyrus;English;2000;2099;69.5
45631;Twelve Years a SlaveNarrative of Solomon Northup, a Citizen of New-York, Kidnapped in Washington City in 1841, and Rescued in 1853, from a Cotton Plantation near the Red River in Louisiana;English;2014;2088;67.3
17405;The Art of War;English;2005;2087;68.4
59606;Types of News Writing;English;2019;2085;70.3
1719;The Ballad of the White Horse;English;1999;2084;73.8
71;On the Duty of Civil Disobedience;English;1993;2073;60.9
657;The Anglo-Saxon Chronicle;English;1996;2069;72.7
3913;The Confessions of Jean Jacques Rousseau — Complete;English;2004;2067;57.2
3289;The Valley of Fear;English;2002;2067;82.7
20023;The letters of Queen Victoria, vol. 1, 1837-1843 :  A selection from Her Majesty's correspondence between the years 1837 and 1861.;English;2006;2064;65.8
27558;The 2003 CIA World Factbook;English;2008;2053;52.7
25134;九尾狐;Chinese;2008;2049;
409;Poems on various subjects, religious and moral;English;1996;2047;73.8
5658;Lord Jim;English;2006;2045;78.7
1564;Boswell's Life of JohnsonAbridged and edited, with an introduction by Charles Grosvenor Osgood;English;2006;2042;67.5
20738;Diccionario Ingles-Español-TagalogCon partes de la oracion y pronunciacion figurada;Tagalog;2007;2042;46.8
2009;The Origin of Species by Means of Natural SelectionOr, the Preservation of Favoured Races in the Struggle for Life, 6th Edition;English;1999;2041;50.0
34405;"Encyclopaedia Britannica, 11th Edition, ""Basso-relievo"" to ""Bedfordshire""Volume 3, Slice 4";English;2010;2040;57.4
76490;The sea girl :  A tale of Nantucket in the clipper ship days;English;2025;2039;
50280;Latin Phrase-Book;Latin;2015;2036;54.5
700;The Old Curiosity Shop;English;1996;2035;73.8
32854;Arsène Lupin, gentleman-cambrioleur;French;2010;2029;75.4
76493;The new terror;English;2025;2028;
32474;The Memoirs of the Conquistador Bernal Diaz del Castillo, Vol 1 (of 2)Written by Himself Containing a True and Full Account of the Discovery and Conquest of Mexico and New Spain.;English;2010;2027;56.8
32975;"Encyclopaedia Britannica, 11th Edition, ""Calhoun"" to ""Camoens""Volume 5, Slice 1";English;2010;2024;58.4
61597;Eleanor Ormerod, LL. D., Economic Entomologist : Autobiography and Correspondence;English;2020;2024;66.6
1292;The Way of the World;English;1998;2023;82.8
851;Narrative of the Captivity and Restoration of Mrs. Mary Rowlandson;English;1997;2020;79.2
107;Far from the Madding Crowd;English;1994;2020;79.4
20968;Three Hundred Tang Poems, Volume 1;Chinese;2007;2018;
883;Our Mutual Friend;English;2006;2014;79.3
25219;花月痕;Chinese;2008;2012;
10136;The Book of Household Management;English;2003;2011;67.5
21300;Cowboy Songs, and Other Frontier Ballads;English;2007;2011;80.2
71046;Modern English biography, volume 2 (of 4), I-Q;English;2023;2007;77.1
1041;Shakespeare's Sonnets;English;1997;2005;70.1
33144;The Oriental RugA Monograph on Eastern Rugs and Carpets, Saddle-Bags, Mats & Pillows, with a Consideration of Kinds and Classes, Types, Borders, Figures, Dyes, Symbols, etc. Together with Some Practical Advice to Collectors.;English;2010;2005;66.4
42884;The Philippine Islands, 1493-1898, Volume 33, 1519-1522Explorations by early navigators, descriptions of the islands and their peoples, their history and records of the Catholic missions, as related in contemporaneous books and manuscripts, showing the political, economic, commercial and religious conditions of those islands from their earliest relations with European nations to the close of the nineteenth century;English;2013;2002;63.2
1635;Ion;English;1999;2002;73.2
39784;Mother Goose's Nursery RhymesA Collection of Alphabets, Rhymes, Tales, and Jingles;English;2012;2000;86.8
8601;The Early Poems of Alfred Lord Tennyson;English;2005;1998;75.6
27638;The 2001 CIA World Factbook;English;2008;1996;47.7
14472;Showell's Dictionary of BirminghamA History and Guide, Arranged Alphabetically;English;2004;1993;67.0
